date,institution,FUTURE_INDEX,CALL_OI,PUT_OI,OPTIONS_NET_OI,FUTURE_INDEX_CHANGE,CALL_OI_CHANGE,PUT_OI_CHANGE,OPTIONS_NET_OI_CHANGE
2025-01-01,CLIENT,259932.0,-259450.0,-927392.0,667942.0,,,,
2025-01-01,DII,-3162.0,0.0,173276.0,-173276.0,,,,
2025-01-01,FII,-234196.0,401783.0,682689.0,-280906.0,,,,
2025-01-01,PRO,-22574.0,-142333.0,71428.0,-213761.0,,,,
2025-01-02,CLIENT,220842.0,-136825.0,-644954.0,508129.0,-39090.0,122625.0,282438.0,-159813.0
2025-01-02,DII,213.0,0.0,193276.0,-193276.0,3375.0,0.0,20000.0,-20000.0
2025-01-02,FII,-202346.0,99942.0,360225.0,-260283.0,31850.0,-301841.0,-322464.0,20623.0
2025-01-02,PRO,-18709.0,36883.0,91453.0,-54570.0,3865.0,179216.0,20025.0,159191.0
2025-01-03,CLIENT,251340.0,-128279.0,-865572.0,737293.0,30498.0,8546.0,-220618.0,229164.0
2025-01-03,DII,995.0,70.0,193276.0,-193206.0,782.0,70.0,0.0,70.0
2025-01-03,FII,-229994.0,33559.0,357642.0,-324083.0,-27648.0,-66383.0,-2583.0,-63800.0
2025-01-03,PRO,-22341.0,94650.0,314653.0,-220003.0,-3632.0,57767.0,223200.0,-165433.0
2025-01-06,CLIENT,241638.0,155128.0,-853721.0,1008849.0,-9702.0,283407.0,11851.0,271556.0
2025-01-06,DII,682.0,70.0,177076.0,-177006.0,-313.0,0.0,-16200.0,16200.0
2025-01-06,FII,-222477.0,130926.0,391091.0,-260165.0,7517.0,97367.0,33449.0,63918.0
2025-01-06,PRO,-19843.0,-286124.0,285554.0,-571678.0,2498.0,-380774.0,-29099.0,-351675.0
2025-01-07,CLIENT,236195.0,213920.0,-678742.0,892662.0,-5443.0,58792.0,174979.0,-116187.0
2025-01-07,DII,-1768.0,70.0,175956.0,-175886.0,-2450.0,0.0,-1120.0,1120.0
2025-01-07,FII,-221017.0,69619.0,325110.0,-255491.0,1460.0,-61307.0,-65981.0,4674.0
2025-01-07,PRO,-13410.0,-283609.0,177676.0,-461285.0,6433.0,2515.0,-107878.0,110393.0
2025-01-08,CLIENT,265133.0,391176.0,-615683.0,1006859.0,28938.0,177256.0,63059.0,114197.0
2025-01-08,DII,-2736.0,70.0,170956.0,-170886.0,-968.0,0.0,-5000.0,5000.0
2025-01-08,FII,-238321.0,955.0,295564.0,-294609.0,-17304.0,-68664.0,-29546.0,-39118.0
2025-01-08,PRO,-24076.0,-392201.0,149164.0,-541365.0,-10666.0,-108592.0,-28512.0,-80080.0
2025-01-09,CLIENT,288503.0,330145.0,-666141.0,996286.0,23370.0,-61031.0,-50458.0,-10573.0
2025-01-09,DII,-3641.0,70.0,165198.0,-165128.0,-905.0,0.0,-5758.0,5758.0
2025-01-09,FII,-267829.0,-3174.0,293005.0,-296179.0,-29508.0,-4129.0,-2559.0,-1570.0
2025-01-09,PRO,-17033.0,-327041.0,207937.0,-534978.0,7043.0,65160.0,58773.0,6387.0
2025-01-10,CLIENT,314078.0,371508.0,-711062.0,1082570.0,25575.0,41363.0,-44921.0,86284.0
2025-01-10,DII,-2589.0,70.0,159470.0,-159400.0,1052.0,0.0,-5728.0,5728.0
2025-01-10,FII,-277810.0,-14588.0,317372.0,-331960.0,-9981.0,-11414.0,24367.0,-35781.0
2025-01-10,PRO,-33679.0,-356990.0,234220.0,-591210.0,-16646.0,-29949.0,26283.0,-56232.0
2025-01-13,CLIENT,324234.0,543567.0,-710899.0,1254466.0,10156.0,172059.0,163.0,171896.0
2025-01-13,DII,-1687.0,70.0,154930.0,-154860.0,902.0,0.0,-4540.0,4540.0
2025-01-13,FII,-295210.0,62521.0,486089.0,-423568.0,-17400.0,77109.0,168717.0,-91608.0
2025-01-13,PRO,-27337.0,-606158.0,69880.0,-676038.0,6342.0,-249168.0,-164340.0,-84828.0
2025-01-14,CLIENT,319544.0,322651.0,-680591.0,1003242.0,-4690.0,-220916.0,30308.0,-251224.0
2025-01-14,DII,233.0,70.0,161430.0,-161360.0,1920.0,0.0,6500.0,-6500.0
2025-01-14,FII,-294837.0,205478.0,527944.0,-322466.0,373.0,142957.0,41855.0,101102.0
2025-01-14,PRO,-24940.0,-528199.0,-8783.0,-519416.0,2397.0,77959.0,-78663.0,156622.0
2025-01-15,CLIENT,312873.0,469731.0,-482057.0,951788.0,-6671.0,147080.0,198534.0,-51454.0
2025-01-15,DII,316.0,70.0,161430.0,-161360.0,83.0,0.0,0.0,0.0
2025-01-15,FII,-290204.0,26723.0,344029.0,-317306.0,4633.0,-178755.0,-183915.0,5160.0
2025-01-15,PRO,-22985.0,-496524.0,-23403.0,-473121.0,1955.0,31675.0,-14620.0,46295.0
2025-01-16,CLIENT,307142.0,150826.0,-664987.0,815813.0,-5731.0,-318905.0,-182930.0,-135975.0
2025-01-16,DII,16197.0,70.0,161274.0,-161204.0,15881.0,0.0,-156.0,156.0
2025-01-16,FII,-297496.0,207896.0,514198.0,-306302.0,-7292.0,181173.0,170169.0,11004.0
2025-01-16,PRO,-25843.0,-358792.0,-10485.0,-348307.0,-2858.0,137732.0,12918.0,124814.0
2025-01-17,CLIENT,315567.0,244459.0,-641218.0,885677.0,8425.0,93633.0,23769.0,69864.0
2025-01-17,DII,26987.0,70.0,156274.0,-156204.0,10790.0,0.0,-5000.0,5000.0
2025-01-17,FII,-326838.0,146695.0,437938.0,-291243.0,-29342.0,-61201.0,-76260.0,15059.0
2025-01-17,PRO,-15716.0,-391224.0,47007.0,-438231.0,10127.0,-32432.0,57492.0,-89924.0
2025-01-20,CLIENT,318430.0,59545.0,-526011.0,585556.0,2863.0,-184914.0,115207.0,-300121.0
2025-01-20,DII,27747.0,70.0,155274.0,-155204.0,760.0,0.0,-1000.0,1000.0
2025-01-20,FII,-333139.0,199958.0,450227.0,-250269.0,-6301.0,53263.0,12289.0,40974.0
2025-01-20,PRO,-13038.0,-259573.0,-79489.0,-180084.0,2678.0,131651.0,-126496.0,258147.0
2025-01-21,CLIENT,315981.0,286208.0,-692610.0,978818.0,-2449.0,226663.0,-166599.0,393262.0
2025-01-21,DII,29953.0,70.0,140274.0,-140204.0,2206.0,0.0,-15000.0,15000.0
2025-01-21,FII,-349977.0,182834.0,439116.0,-256282.0,-16838.0,-17124.0,-11111.0,-6013.0
2025-01-21,PRO,4043.0,-469112.0,113219.0,-582331.0,17081.0,-209539.0,192708.0,-402247.0
2025-01-22,CLIENT,310707.0,242441.0,-459707.0,702148.0,-5274.0,-43767.0,232903.0,-276670.0
2025-01-22,DII,39515.0,70.0,140274.0,-140204.0,9562.0,0.0,0.0,0.0
2025-01-22,FII,-350328.0,136189.0,167897.0,-31708.0,-351.0,-46645.0,-271219.0,224574.0
2025-01-22,PRO,106.0,-378700.0,151535.0,-530235.0,-3937.0,90412.0,38316.0,52096.0
2025-01-23,CLIENT,304307.0,-162049.0,-514699.0,352650.0,-6400.0,-404490.0,-54992.0,-349498.0
2025-01-23,DII,40717.0,70.0,140370.0,-140300.0,1202.0,0.0,96.0,-96.0
2025-01-23,FII,-328511.0,382208.0,315479.0,66729.0,21817.0,246019.0,147582.0,98437.0
2025-01-23,PRO,-16513.0,-220229.0,58851.0,-279080.0,-16619.0,158471.0,-92684.0,251155.0
2025-01-24,CLIENT,289220.0,-59263.0,-645108.0,585845.0,-15087.0,102786.0,-130409.0,233195.0
2025-01-24,DII,41180.0,70.0,140370.0,-140300.0,463.0,0.0,0.0,0.0
2025-01-24,FII,-309670.0,160499.0,316762.0,-156263.0,18841.0,-221709.0,1283.0,-222992.0
2025-01-24,PRO,-20730.0,-101306.0,187976.0,-289282.0,-4217.0,118923.0,129125.0,-10202.0
2025-01-27,CLIENT,275906.0,58280.0,-558176.0,616456.0,-13314.0,117543.0,86932.0,30611.0
2025-01-27,DII,34145.0,70.0,134370.0,-134300.0,-7035.0,0.0,-6000.0,6000.0
2025-01-27,FII,-271200.0,170525.0,245790.0,-75265.0,38470.0,10026.0,-70972.0,80998.0
2025-01-27,PRO,-38851.0,-228875.0,178015.0,-406890.0,-18121.0,-127569.0,-9961.0,-117608.0
2025-01-28,CLIENT,256640.0,-681645.0,-380972.0,-300673.0,-19266.0,-739925.0,177204.0,-917129.0
2025-01-28,DII,19858.0,70.0,123808.0,-123738.0,-14287.0,0.0,-10562.0,10562.0
2025-01-28,FII,-236686.0,386890.0,168011.0,218879.0,34514.0,216365.0,-77779.0,294144.0
2025-01-28,PRO,-39812.0,294685.0,89154.0,205531.0,-961.0,523560.0,-88861.0,612421.0
2025-01-29,CLIENT,229849.0,-951148.0,-504298.0,-446850.0,-26791.0,-269503.0,-123326.0,-146177.0
2025-01-29,DII,37454.0,70.0,102475.0,-102405.0,17596.0,0.0,-21333.0,21333.0
2025-01-29,FII,-224190.0,604205.0,358807.0,245398.0,12496.0,217315.0,190796.0,26519.0
2025-01-29,PRO,-43113.0,346873.0,43015.0,303858.0,-3301.0,52188.0,-46139.0,98327.0
2025-01-30,CLIENT,149287.0,-14206.0,-197124.0,182918.0,-80562.0,936942.0,307174.0,629768.0
2025-01-30,DII,18776.0,70.0,27664.0,-27594.0,-18678.0,0.0,-74811.0,74811.0
2025-01-30,FII,-173009.0,15174.0,130095.0,-114921.0,51181.0,-589031.0,-228712.0,-360319.0
2025-01-30,PRO,4946.0,-1038.0,39366.0,-40404.0,48059.0,-347911.0,-3649.0,-344262.0
2025-01-31,CLIENT,141499.0,126844.0,-68099.0,194943.0,-7788.0,141050.0,129025.0,12025.0
2025-01-31,DII,15154.0,70.0,31690.0,-31620.0,-3622.0,0.0,4026.0,-4026.0
2025-01-31,FII,-174242.0,-94350.0,25710.0,-120060.0,-1233.0,-109524.0,-104385.0,-5139.0
2025-01-31,PRO,17589.0,-32564.0,10700.0,-43264.0,12643.0,-31526.0,-28666.0,-2860.0
2025-02-01,CLIENT,141739.0,190100.0,-47365.0,237465.0,240.0,63256.0,20734.0,42522.0
2025-02-01,DII,15861.0,1920.0,31690.0,-29770.0,707.0,1850.0,0.0,1850.0
2025-02-01,FII,-174252.0,-99661.0,30979.0,-130640.0,-10.0,-5311.0,5269.0,-10580.0
2025-02-01,PRO,16652.0,-92359.0,-15303.0,-77056.0,-937.0,-59795.0,-26003.0,-33792.0
2025-02-03,CLIENT,145733.0,212297.0,-76166.0,288463.0,3994.0,22197.0,-28801.0,50998.0
2025-02-03,DII,19037.0,1920.0,31690.0,-29770.0,3176.0,0.0,0.0,0.0
2025-02-03,FII,-184117.0,-185332.0,-12032.0,-173300.0,-9865.0,-85671.0,-43011.0,-42660.0
2025-02-03,PRO,19347.0,-28885.0,56508.0,-85393.0,2695.0,63474.0,71811.0,-8337.0
2025-02-04,CLIENT,134495.0,57602.0,136994.0,-79392.0,-11238.0,-154695.0,213160.0,-367855.0
2025-02-04,DII,8905.0,1920.0,31677.0,-29757.0,-10132.0,0.0,-13.0,13.0
2025-02-04,FII,-153404.0,-88603.0,-47992.0,-40611.0,30713.0,96729.0,-35960.0,132689.0
2025-02-04,PRO,10004.0,29081.0,-120679.0,149760.0,-9343.0,57966.0,-177187.0,235153.0
2025-02-05,CLIENT,132949.0,179128.0,135067.0,44061.0,-1546.0,121526.0,-1927.0,123453.0
2025-02-05,DII,8801.0,1920.0,31677.0,-29757.0,-104.0,0.0,0.0,0.0
2025-02-05,FII,-149348.0,-140261.0,-102984.0,-37277.0,4056.0,-51658.0,-54992.0,3334.0
2025-02-05,PRO,7598.0,-40788.0,-63760.0,22972.0,-2406.0,-69869.0,56919.0,-126788.0
2025-02-06,CLIENT,139844.0,-47399.0,-223905.0,176506.0,6895.0,-226527.0,-358972.0,132445.0
2025-02-06,DII,8720.0,70.0,21614.0,-21544.0,-81.0,-1850.0,-10063.0,8213.0
2025-02-06,FII,-156135.0,16016.0,152230.0,-136214.0,-6787.0,156277.0,255214.0,-98937.0
2025-02-06,PRO,7571.0,31313.0,50062.0,-18749.0,-27.0,72101.0,113822.0,-41721.0
2025-02-07,CLIENT,138794.0,-88353.0,-277851.0,189498.0,-1050.0,-40954.0,-53946.0,12992.0
2025-02-07,DII,10683.0,70.0,16219.0,-16149.0,1963.0,0.0,-5395.0,5395.0
2025-02-07,FII,-162468.0,37307.0,171894.0,-134587.0,-6333.0,21291.0,19664.0,1627.0
2025-02-07,PRO,12991.0,50976.0,89737.0,-38761.0,5420.0,19663.0,39675.0,-20012.0
2025-02-10,CLIENT,145181.0,-87094.0,-339246.0,252152.0,6387.0,1259.0,-61395.0,62654.0
2025-02-10,DII,11714.0,70.0,14619.0,-14549.0,1031.0,0.0,-1600.0,1600.0
2025-02-10,FII,-173486.0,49341.0,195078.0,-145737.0,-11018.0,12034.0,23184.0,-11150.0
2025-02-10,PRO,16591.0,37683.0,129547.0,-91864.0,3600.0,-13293.0,39810.0,-53103.0
2025-02-11,CLIENT,146461.0,-3004.0,-349386.0,346382.0,1280.0,84090.0,-10140.0,94230.0
2025-02-11,DII,15755.0,70.0,14247.0,-14177.0,4041.0,0.0,-372.0,372.0
2025-02-11,FII,-184448.0,51222.0,213091.0,-161869.0,-10962.0,1881.0,18013.0,-16132.0
2025-02-11,PRO,22232.0,-48288.0,122047.0,-170335.0,5641.0,-85971.0,-7500.0,-78471.0
2025-02-12,CLIENT,143898.0,61574.0,-259544.0,321118.0,-2563.0,64578.0,89842.0,-25264.0
2025-02-12,DII,26223.0,70.0,14984.0,-14914.0,10468.0,0.0,737.0,-737.0
2025-02-12,FII,-186821.0,38144.0,198091.0,-159947.0,-2373.0,-13078.0,-15000.0,1922.0
2025-02-12,PRO,16700.0,-99789.0,46469.0,-146258.0,-5532.0,-51501.0,-75578.0,24077.0
2025-02-13,CLIENT,139564.0,-12748.0,-324305.0,311557.0,-4334.0,-74322.0,-64761.0,-9561.0
2025-02-13,DII,25959.0,70.0,14984.0,-14914.0,-264.0,0.0,0.0,0.0
2025-02-13,FII,-183589.0,49684.0,217568.0,-167884.0,3232.0,11540.0,19477.0,-7937.0
2025-02-13,PRO,18066.0,-37006.0,91753.0,-128759.0,1366.0,62783.0,45284.0,17499.0
2025-02-14,CLIENT,142602.0,-66518.0,-405762.0,339244.0,3038.0,-53770.0,-81457.0,27687.0
2025-02-14,DII,22374.0,70.0,14984.0,-14914.0,-3585.0,0.0,0.0,0.0
2025-02-14,FII,-189339.0,54077.0,261652.0,-207575.0,-5750.0,4393.0,44084.0,-39691.0
2025-02-14,PRO,24363.0,12371.0,129127.0,-116756.0,6297.0,49377.0,37374.0,12003.0
2025-02-17,CLIENT,140742.0,-126394.0,-346398.0,220004.0,-1860.0,-59876.0,59364.0,-119240.0
2025-02-17,DII,21305.0,70.0,14984.0,-14914.0,-1069.0,0.0,0.0,0.0
2025-02-17,FII,-185700.0,49312.0,259174.0,-209862.0,3639.0,-4765.0,-2478.0,-2287.0
2025-02-17,PRO,23653.0,77012.0,72240.0,4772.0,-710.0,64641.0,-56887.0,121528.0
2025-02-18,CLIENT,142616.0,-94274.0,-374759.0,280485.0,1874.0,32120.0,-28361.0,60481.0
2025-02-18,DII,20736.0,70.0,14984.0,-14914.0,-569.0,0.0,0.0,0.0
2025-02-18,FII,-187332.0,46400.0,272894.0,-226494.0,-1632.0,-2912.0,13720.0,-16632.0
2025-02-18,PRO,23980.0,47804.0,86882.0,-39078.0,327.0,-29208.0,14642.0,-43850.0
2025-02-19,CLIENT,143907.0,-37964.0,-296739.0,258775.0,1291.0,56310.0,78020.0,-21710.0
2025-02-19,DII,25451.0,70.0,14984.0,-14914.0,4715.0,0.0,0.0,0.0
2025-02-19,FII,-185533.0,58826.0,268008.0,-209182.0,1799.0,12426.0,-4886.0,17312.0
2025-02-19,PRO,16175.0,-20932.0,13748.0,-34680.0,-7805.0,-68736.0,-73134.0,4398.0
2025-02-20,CLIENT,146811.0,-8407.0,-341393.0,332986.0,2904.0,29557.0,-44654.0,74211.0
2025-02-20,DII,29849.0,70.0,14984.0,-14914.0,4398.0,0.0,0.0,0.0
2025-02-20,FII,-192204.0,37230.0,263042.0,-225812.0,-6671.0,-21596.0,-4966.0,-16630.0
2025-02-20,PRO,15544.0,-28893.0,63368.0,-92261.0,-631.0,-7961.0,49620.0,-57581.0
2025-02-21,CLIENT,138892.0,-7831.0,-415566.0,407735.0,-7919.0,576.0,-74173.0,74749.0
2025-02-21,DII,28833.0,70.0,14984.0,-14914.0,-1016.0,0.0,0.0,0.0
2025-02-21,FII,-192891.0,26436.0,279434.0,-252998.0,-687.0,-10794.0,16392.0,-27186.0
2025-02-21,PRO,25166.0,-18675.0,121149.0,-139824.0,9622.0,10218.0,57781.0,-47563.0
2025-02-24,CLIENT,148720.0,116849.0,-345655.0,462504.0,9828.0,124680.0,69911.0,54769.0
2025-02-24,DII,29310.0,70.0,12984.0,-12914.0,477.0,0.0,-2000.0,2000.0
2025-02-24,FII,-200890.0,3689.0,282356.0,-278667.0,-7999.0,-22747.0,2922.0,-25669.0
2025-02-24,PRO,22860.0,-120608.0,50315.0,-170923.0,-2306.0,-101933.0,-70834.0,-31099.0
2025-02-25,CLIENT,148775.0,110068.0,-247635.0,357703.0,55.0,-6781.0,98020.0,-104801.0
2025-02-25,DII,25586.0,70.0,10984.0,-10914.0,-3724.0,0.0,-2000.0,2000.0
2025-02-25,FII,-199578.0,2348.0,257001.0,-254653.0,1312.0,-1341.0,-25355.0,24014.0
2025-02-25,PRO,25217.0,-112486.0,-20351.0,-92135.0,2357.0,8122.0,-70666.0,78788.0
2025-02-27,CLIENT,136290.0,-130358.0,-348748.0,218390.0,-12485.0,-240426.0,-101113.0,-139313.0
2025-02-27,DII,26490.0,70.0,10735.0,-10665.0,904.0,0.0,-249.0,249.0
2025-02-27,FII,-173534.0,82491.0,261617.0,-179126.0,26044.0,80143.0,4616.0,75527.0
2025-02-27,PRO,10754.0,47797.0,76395.0,-28598.0,-14463.0,160283.0,96746.0,63537.0
2025-02-28,CLIENT,145329.0,-109541.0,-393610.0,284069.0,9039.0,20817.0,-44862.0,65679.0
2025-02-28,DII,39551.0,70.0,13902.0,-13832.0,13061.0,0.0,3167.0,-3167.0
2025-02-28,FII,-188591.0,63259.0,244309.0,-181050.0,-15057.0,-19232.0,-17308.0,-1924.0
2025-02-28,PRO,3711.0,46212.0,135400.0,-89188.0,-7043.0,-1585.0,59005.0,-60590.0
2025-03-03,CLIENT,141859.0,-158862.0,-310896.0,152034.0,-3470.0,-49321.0,82714.0,-132035.0
2025-03-03,DII,43376.0,3470.0,13977.0,-10507.0,3825.0,3400.0,75.0,3325.0
2025-03-03,FII,-187792.0,63094.0,233273.0,-170179.0,799.0,-165.0,-11036.0,10871.0
2025-03-03,PRO,2557.0,92298.0,63646.0,28652.0,-1154.0,46086.0,-71754.0,117840.0
2025-03-04,CLIENT,147201.0,-222092.0,-353315.0,131223.0,5342.0,-63230.0,-42419.0,-20811.0
2025-03-04,DII,46907.0,4870.0,13050.0,-8180.0,3531.0,1400.0,-927.0,2327.0
2025-03-04,FII,-187423.0,134399.0,316688.0,-182289.0,369.0,71305.0,83415.0,-12110.0
2025-03-04,PRO,-6685.0,82823.0,23577.0,59246.0,-9242.0,-9475.0,-40069.0,30594.0
2025-03-05,CLIENT,148914.0,-273915.0,-272689.0,-1226.0,1713.0,-51823.0,80626.0,-132449.0
2025-03-05,DII,47658.0,4870.0,13593.0,-8723.0,751.0,0.0,543.0,-543.0
2025-03-05,FII,-184578.0,154601.0,296882.0,-142281.0,2845.0,20202.0,-19806.0,40008.0
2025-03-05,PRO,-11994.0,114444.0,-37787.0,152231.0,-5309.0,31621.0,-61364.0,92985.0
2025-03-06,CLIENT,141569.0,-286455.0,-316239.0,29784.0,-7345.0,-12540.0,-43550.0,31010.0
2025-03-06,DII,56274.0,4870.0,12093.0,-7223.0,8616.0,0.0,-1500.0,1500.0
2025-03-06,FII,-174355.0,147039.0,266762.0,-119723.0,10223.0,-7562.0,-30120.0,22558.0
2025-03-06,PRO,-23488.0,134546.0,37384.0,97162.0,-11494.0,20102.0,75171.0,-55069.0
2025-03-07,CLIENT,140717.0,-292250.0,-339647.0,47397.0,-852.0,-5795.0,-23408.0,17613.0
2025-03-07,DII,54718.0,4870.0,12093.0,-7223.0,-1556.0,0.0,0.0,0.0
2025-03-07,FII,-176158.0,182784.0,317226.0,-134442.0,-1803.0,35745.0,50464.0,-14719.0
2025-03-07,PRO,-19277.0,104596.0,10328.0,94268.0,4211.0,-29950.0,-27056.0,-2894.0
2025-03-10,CLIENT,136161.0,-194000.0,-387434.0,193434.0,-4556.0,98250.0,-47787.0,146037.0
2025-03-10,DII,54325.0,2175.0,14209.0,-12034.0,-393.0,-2695.0,2116.0,-4811.0
2025-03-10,FII,-179479.0,195146.0,334218.0,-139072.0,-3321.0,12362.0,16992.0,-4630.0
2025-03-10,PRO,-11007.0,-3321.0,39007.0,-42328.0,8270.0,-107917.0,28679.0,-136596.0
2025-03-11,CLIENT,137365.0,-285434.0,-362799.0,77365.0,1204.0,-91434.0,24635.0,-116069.0
2025-03-11,DII,59009.0,2126.0,14318.0,-12192.0,4684.0,-49.0,109.0,-158.0
2025-03-11,FII,-178971.0,250784.0,407953.0,-157169.0,508.0,55638.0,73735.0,-18097.0
2025-03-11,PRO,-17403.0,32524.0,-59471.0,91995.0,-6396.0,35845.0,-98478.0,134323.0
2025-03-12,CLIENT,143422.0,-172719.0,-299172.0,126453.0,6057.0,112715.0,63627.0,49088.0
2025-03-12,DII,59153.0,1575.0,14277.0,-12702.0,144.0,-551.0,-41.0,-510.0
2025-03-12,FII,-183481.0,218980.0,388140.0,-169160.0,-4510.0,-31804.0,-19813.0,-11991.0
2025-03-12,PRO,-19094.0,-47836.0,-103245.0,55409.0,-1691.0,-80360.0,-43774.0,-36586.0
2025-03-13,CLIENT,139374.0,-153620.0,-348890.0,195270.0,-4048.0,19099.0,-49718.0,68817.0
2025-03-13,DII,62761.0,1202.0,14153.0,-12951.0,3608.0,-373.0,-124.0,-249.0
2025-03-13,FII,-184034.0,145877.0,294193.0,-148316.0,-553.0,-73103.0,-93947.0,20844.0
2025-03-13,PRO,-18101.0,6541.0,40545.0,-34004.0,993.0,54377.0,143790.0,-89413.0
2025-03-17,CLIENT,134092.0,-340574.0,-335033.0,-5541.0,-5282.0,-186954.0,13857.0,-200811.0
2025-03-17,DII,62847.0,926.0,14153.0,-13227.0,86.0,-276.0,0.0,-276.0
2025-03-17,FII,-171884.0,208881.0,303863.0,-94982.0,12150.0,63004.0,9670.0,53334.0
2025-03-17,PRO,-25055.0,130767.0,17016.0,113751.0,-6954.0,124226.0,-23529.0,147755.0
2025-03-18,CLIENT,110973.0,-391256.0,-49095.0,-342161.0,-23119.0,-50682.0,285938.0,-336620.0
2025-03-18,DII,63680.0,590.0,18153.0,-17563.0,833.0,-336.0,4000.0,-4336.0
2025-03-18,FII,-141111.0,200467.0,243730.0,-43263.0,30773.0,-8414.0,-60133.0,51719.0
2025-03-18,PRO,-33542.0,190199.0,-212787.0,402986.0,-8487.0,59432.0,-229803.0,289235.0
2025-03-19,CLIENT,94660.0,-369689.0,-53469.0,-316220.0,-16313.0,21567.0,-4374.0,25941.0
2025-03-19,DII,70353.0,475.0,23953.0,-23478.0,6673.0,-115.0,5800.0,-5915.0
2025-03-19,FII,-128390.0,282800.0,291360.0,-8560.0,12721.0,82333.0,47630.0,34703.0
2025-03-19,PRO,-36623.0,86414.0,-261843.0,348257.0,-3081.0,-103785.0,-49056.0,-54729.0
2025-03-20,CLIENT,71621.0,-277522.0,-56800.0,-220722.0,-23039.0,92167.0,-3331.0,95498.0
2025-03-20,DII,74379.0,388.0,24953.0,-24565.0,4026.0,-87.0,1000.0,-1087.0
2025-03-20,FII,-111070.0,187490.0,193240.0,-5750.0,17320.0,-95310.0,-98120.0,2810.0
2025-03-20,PRO,-34930.0,89644.0,-161394.0,251038.0,1693.0,3230.0,100449.0,-97219.0
2025-03-21,CLIENT,51570.0,-298022.0,-9043.0,-288979.0,-20051.0,-20500.0,47757.0,-68257.0
2025-03-21,DII,74942.0,321.0,24953.0,-24632.0,563.0,-67.0,0.0,-67.0
2025-03-21,FII,-96715.0,169229.0,136319.0,32910.0,14355.0,-18261.0,-56921.0,38660.0
2025-03-21,PRO,-29797.0,128472.0,-152228.0,280700.0,5133.0,38828.0,9166.0,29662.0
2025-03-24,CLIENT,43051.0,-213438.0,53887.0,-267325.0,-8519.0,84584.0,62930.0,21654.0
2025-03-24,DII,70371.0,281.0,27779.0,-27498.0,-4571.0,-40.0,2826.0,-2866.0
2025-03-24,FII,-95496.0,114653.0,77148.0,37505.0,1219.0,-54576.0,-59171.0,4595.0
2025-03-24,PRO,-17926.0,98504.0,-158814.0,257318.0,11871.0,-29968.0,-6586.0,-23382.0
2025-03-25,CLIENT,38697.0,-49908.0,-45983.0,-3925.0,-4354.0,163530.0,-99870.0,263400.0
2025-03-25,DII,62254.0,137.0,53703.0,-53566.0,-8117.0,-144.0,25924.0,-26068.0
2025-03-25,FII,-90604.0,149928.0,183898.0,-33970.0,4892.0,35275.0,106750.0,-71475.0
2025-03-25,PRO,-10347.0,-100158.0,-191618.0,91460.0,7579.0,-198662.0,-32804.0,-165858.0
2025-03-26,CLIENT,41543.0,-97206.0,-143839.0,46633.0,2846.0,-47298.0,-97856.0,50558.0
2025-03-26,DII,64108.0,101.0,56117.0,-56016.0,1854.0,-36.0,2414.0,-2450.0
2025-03-26,FII,-83733.0,226107.0,266998.0,-40891.0,6871.0,76179.0,83100.0,-6921.0
2025-03-26,PRO,-21918.0,-129002.0,-179275.0,50273.0,-11571.0,-28844.0,12343.0,-41187.0
2025-03-27,CLIENT,8836.0,-167520.0,-214260.0,46740.0,-32707.0,-70314.0,-70421.0,107.0
2025-03-27,DII,58071.0,70.0,69034.0,-68964.0,-6037.0,-31.0,12917.0,-12948.0
2025-03-27,FII,-30555.0,152189.0,197207.0,-45018.0,53178.0,-73918.0,-69791.0,-4127.0
2025-03-27,PRO,-36352.0,15261.0,-51980.0,67241.0,-14434.0,144263.0,127295.0,16968.0
2025-03-28,CLIENT,22808.0,-64419.0,-160676.0,96257.0,13972.0,103101.0,53584.0,49517.0
2025-03-28,DII,58039.0,70.0,66034.0,-65964.0,-32.0,0.0,-3000.0,3000.0
2025-03-28,FII,-49007.0,75372.0,150798.0,-75426.0,-18452.0,-76817.0,-46409.0,-30408.0
2025-03-28,PRO,-31840.0,-11022.0,-56155.0,45133.0,4512.0,-26283.0,-4175.0,-22108.0
2025-04-01,CLIENT,31532.0,104773.0,-180075.0,284848.0,8724.0,169192.0,-19399.0,188591.0
2025-04-01,DII,67068.0,70.0,65034.0,-64964.0,9029.0,0.0,-1000.0,1000.0
2025-04-01,FII,-66578.0,72573.0,198926.0,-126353.0,-17571.0,-2799.0,48128.0,-50927.0
2025-04-01,PRO,-32022.0,-177416.0,-83884.0,-93532.0,-182.0,-166394.0,-27729.0,-138665.0
2025-04-02,CLIENT,25528.0,64444.0,-23879.0,88323.0,-6004.0,-40329.0,156196.0,-196525.0
2025-04-02,DII,69051.0,27103.0,74292.0,-47189.0,1983.0,27033.0,9258.0,17775.0
2025-04-02,FII,-62329.0,21507.0,92907.0,-71400.0,4249.0,-51066.0,-106019.0,54953.0
2025-04-02,PRO,-32250.0,-113054.0,-143320.0,30266.0,-228.0,64362.0,-59436.0,123798.0
2025-04-03,CLIENT,30672.0,-192241.0,-254740.0,62499.0,5144.0,-256685.0,-230861.0,-25824.0
2025-04-03,DII,76450.0,70.0,61796.0,-61726.0,7399.0,-27033.0,-12496.0,-14537.0
2025-04-03,FII,-73190.0,226733.0,240568.0,-13835.0,-10861.0,205226.0,147661.0,57565.0
2025-04-03,PRO,-33932.0,-34563.0,-47623.0,13060.0,-1682.0,78491.0,95697.0,-17206.0
2025-04-04,CLIENT,40514.0,-197468.0,-410515.0,213047.0,9842.0,-5227.0,-155775.0,150548.0
2025-04-04,DII,75721.0,70.0,73186.0,-73116.0,-729.0,0.0,11390.0,-11390.0
2025-04-04,FII,-86592.0,281629.0,355447.0,-73818.0,-13402.0,54896.0,114879.0,-59983.0
2025-04-04,PRO,-29643.0,-84230.0,-18118.0,-66112.0,4289.0,-49667.0,29505.0,-79172.0
2025-04-07,CLIENT,37955.0,-267229.0,-430328.0,163099.0,-2559.0,-69761.0,-19813.0,-49948.0
2025-04-07,DII,76617.0,70.0,57296.0,-57226.0,896.0,0.0,-15890.0,15890.0
2025-04-07,FII,-107615.0,337650.0,402252.0,-64602.0,-21023.0,56021.0,46805.0,9216.0
2025-04-07,PRO,-6957.0,-70490.0,-29221.0,-41269.0,22686.0,13740.0,-11103.0,24843.0
2025-04-08,CLIENT,35060.0,-387042.0,-612147.0,225105.0,-2895.0,-119813.0,-181819.0,62006.0
2025-04-08,DII,79153.0,220.0,55897.0,-55677.0,2536.0,150.0,-1399.0,1549.0
2025-04-08,FII,-109129.0,529917.0,607599.0,-77682.0,-1514.0,192267.0,205347.0,-13080.0
2025-04-08,PRO,-5084.0,-143095.0,-51348.0,-91747.0,1873.0,-72605.0,-22127.0,-50478.0
2025-04-09,CLIENT,42960.0,-196920.0,-463666.0,266746.0,7900.0,190122.0,148481.0,41641.0
2025-04-09,DII,78673.0,310.0,47476.0,-47166.0,-480.0,90.0,-8421.0,8511.0
2025-04-09,FII,-115835.0,324623.0,435821.0,-111198.0,-6706.0,-205294.0,-171778.0,-33516.0
2025-04-09,PRO,-5798.0,-128012.0,-19630.0,-108382.0,-714.0,15083.0,31718.0,-16635.0
2025-04-11,CLIENT,37385.0,-363346.0,-496382.0,133036.0,-5575.0,-166426.0,-32716.0,-133710.0
2025-04-11,DII,78001.0,475.0,40349.0,-39874.0,-672.0,165.0,-7127.0,7292.0
2025-04-11,FII,-101234.0,432294.0,521900.0,-89606.0,14601.0,107671.0,86079.0,21592.0
2025-04-11,PRO,-14152.0,-69423.0,-65866.0,-3557.0,-8354.0,58589.0,-46236.0,104825.0
2025-04-15,CLIENT,32788.0,-191306.0,-189320.0,-1986.0,-4597.0,172040.0,307062.0,-135022.0
2025-04-15,DII,79041.0,475.0,42667.0,-42192.0,1040.0,0.0,2318.0,-2318.0
2025-04-15,FII,-87347.0,198808.0,237548.0,-38740.0,13887.0,-233486.0,-284352.0,50866.0
2025-04-15,PRO,-24482.0,-7977.0,-90894.0,82917.0,-10330.0,61446.0,-25028.0,86474.0
2025-04-16,CLIENT,31080.0,-347494.0,-258752.0,-88742.0,-1708.0,-156188.0,-69432.0,-86756.0
2025-04-16,DII,79540.0,475.0,51067.0,-50592.0,499.0,0.0,8400.0,-8400.0
2025-04-16,FII,-86069.0,304702.0,323227.0,-18525.0,1278.0,105894.0,85679.0,20215.0
2025-04-16,PRO,-24551.0,42317.0,-115542.0,157859.0,-69.0,50294.0,-24648.0,74942.0
2025-04-17,CLIENT,16261.0,-276943.0,-218428.0,-58515.0,-14819.0,70551.0,40324.0,30227.0
2025-04-17,DII,78089.0,475.0,50567.0,-50092.0,-1451.0,0.0,-500.0,500.0
2025-04-17,FII,-83273.0,229522.0,256516.0,-26994.0,2796.0,-75180.0,-66711.0,-8469.0
2025-04-17,PRO,-11077.0,46946.0,-88654.0,135600.0,13474.0,4629.0,26888.0,-22259.0
2025-04-21,CLIENT,8099.0,-135070.0,-40272.0,-94798.0,-8162.0,141873.0,178156.0,-36283.0
2025-04-21,DII,76942.0,475.0,59762.0,-59287.0,-1147.0,0.0,9195.0,-9195.0
2025-04-21,FII,-77270.0,168930.0,173158.0,-4228.0,6003.0,-60592.0,-83358.0,22766.0
2025-04-21,PRO,-7771.0,-34334.0,-192648.0,158314.0,3306.0,-81280.0,-103994.0,22714.0
2025-04-22,CLIENT,3670.0,-113198.0,-58152.0,-55046.0,-4429.0,21872.0,-17880.0,39752.0
2025-04-22,DII,72412.0,525.0,62302.0,-61777.0,-4530.0,50.0,2540.0,-2490.0
2025-04-22,FII,-78335.0,157641.0,160884.0,-3243.0,-1065.0,-11289.0,-12274.0,985.0
2025-04-22,PRO,2253.0,-44967.0,-165033.0,120066.0,10024.0,-10633.0,27615.0,-38248.0
2025-04-23,CLIENT,2976.0,-98329.0,-31731.0,-66598.0,-694.0,14869.0,26421.0,-11552.0
2025-04-23,DII,70521.0,499.0,71002.0,-70503.0,-1891.0,-26.0,8700.0,-8726.0
2025-04-23,FII,-70771.0,146053.0,99225.0,46828.0,7564.0,-11588.0,-61659.0,50071.0
2025-04-23,PRO,-2726.0,-48223.0,-138496.0,90273.0,-4979.0,-3256.0,26537.0,-29793.0
2025-04-24,CLIENT,-20871.0,-196401.0,-177153.0,-19248.0,-23847.0,-98072.0,-145422.0,47350.0
2025-04-24,DII,67812.0,70.0,44614.0,-44544.0,-2709.0,-429.0,-26388.0,25959.0
2025-04-24,FII,-24840.0,196010.0,177784.0,18226.0,45931.0,49957.0,78559.0,-28602.0
2025-04-24,PRO,-22101.0,320.0,-45244.0,45564.0,-19375.0,48543.0,93252.0,-44709.0
2025-04-25,CLIENT,-17541.0,-102572.0,-78668.0,-23904.0,3330.0,93829.0,98485.0,-4656.0
2025-04-25,DII,64576.0,70.0,50715.0,-50645.0,-3236.0,0.0,6101.0,-6101.0
2025-04-25,FII,-35226.0,36163.0,6359.0,29804.0,-10386.0,-159847.0,-171425.0,11578.0
2025-04-25,PRO,-11809.0,66338.0,21594.0,44744.0,10292.0,66018.0,66838.0,-820.0
2025-04-28,CLIENT,-26971.0,-149546.0,47623.0,-197169.0,-9430.0,-46974.0,126291.0,-173265.0
2025-04-28,DII,53489.0,70.0,50715.0,-50645.0,-11087.0,0.0,0.0,0.0
2025-04-28,FII,-22776.0,44723.0,-36962.0,81685.0,12450.0,8560.0,-43321.0,51881.0
2025-04-28,PRO,-3742.0,104753.0,-61377.0,166130.0,8067.0,38415.0,-82971.0,121386.0
2025-04-29,CLIENT,-23703.0,-33401.0,45239.0,-78640.0,3268.0,116145.0,-2384.0,118529.0
2025-04-29,DII,44354.0,70.0,46215.0,-46145.0,-9135.0,0.0,-4500.0,4500.0
2025-04-29,FII,-17897.0,-17795.0,-46075.0,28280.0,4879.0,-62518.0,-9113.0,-53405.0
2025-04-29,PRO,-2754.0,51127.0,-45379.0,96506.0,988.0,-53626.0,15998.0,-69624.0
2025-04-30,CLIENT,-29835.0,-289807.0,-169197.0,-120610.0,-6132.0,-256406.0,-214436.0,-41970.0
2025-04-30,DII,41435.0,70.0,46215.0,-46145.0,-2919.0,0.0,0.0,0.0
2025-04-30,FII,-10000.0,193780.0,88388.0,105392.0,7897.0,211575.0,134463.0,77112.0
2025-04-30,PRO,-1600.0,95957.0,34594.0,61363.0,1154.0,44830.0,79973.0,-35143.0
2025-05-02,CLIENT,-26947.0,-168557.0,-138547.0,-30010.0,2888.0,121250.0,30650.0,90600.0
2025-05-02,DII,41695.0,230.0,42515.0,-42285.0,260.0,160.0,-3700.0,3860.0
2025-05-02,FII,-8488.0,74215.0,36351.0,37864.0,1512.0,-119565.0,-52037.0,-67528.0
2025-05-02,PRO,-6260.0,94112.0,59682.0,34430.0,-4660.0,-1845.0,25088.0,-26933.0
2025-05-05,CLIENT,-26874.0,-86576.0,56673.0,-143249.0,73.0,81981.0,195220.0,-113239.0
2025-05-05,DII,40502.0,230.0,42515.0,-42285.0,-1193.0,0.0,0.0,0.0
2025-05-05,FII,-4869.0,-3029.0,-85236.0,82207.0,3619.0,-77244.0,-121587.0,44343.0
2025-05-05,PRO,-8759.0,89375.0,-13952.0,103327.0,-2499.0,-4737.0,-73634.0,68897.0
2025-05-06,CLIENT,-30231.0,-154292.0,-121864.0,-32428.0,-3357.0,-67716.0,-178537.0,110821.0
2025-05-06,DII,38779.0,70.0,56326.0,-56256.0,-1723.0,-160.0,13811.0,-13971.0
2025-05-06,FII,-2647.0,37496.0,4923.0,32573.0,2222.0,40525.0,90159.0,-49634.0
2025-05-06,PRO,-5901.0,116725.0,60615.0,56110.0,2858.0,27350.0,74567.0,-47217.0
2025-05-07,CLIENT,-21801.0,-178864.0,-71984.0,-106880.0,8430.0,-24572.0,49880.0,-74452.0
2025-05-07,DII,34800.0,70.0,53282.0,-53212.0,-3979.0,0.0,-3044.0,3044.0
2025-05-07,FII,458.0,30192.0,-13625.0,43817.0,3105.0,-7304.0,-18548.0,11244.0
2025-05-07,PRO,-13457.0,148602.0,32327.0,116275.0,-7556.0,31877.0,-28288.0,60165.0
2025-05-08,CLIENT,-34582.0,-346052.0,-320823.0,-25229.0,-12781.0,-167188.0,-248839.0,81651.0
2025-05-08,DII,42448.0,70.0,58097.0,-58027.0,7648.0,0.0,4815.0,-4815.0
2025-05-08,FII,7464.0,273457.0,264892.0,8565.0,7006.0,243265.0,278517.0,-35252.0
2025-05-08,PRO,-15330.0,72525.0,-2166.0,74691.0,-1873.0,-76077.0,-34493.0,-41584.0
2025-05-09,CLIENT,-20490.0,-271805.0,-217471.0,-54334.0,14092.0,74247.0,103352.0,-29105.0
2025-05-09,DII,59179.0,70.0,58497.0,-58427.0,16731.0,0.0,400.0,-400.0
2025-05-09,FII,-7420.0,177783.0,188945.0,-11162.0,-14884.0,-95674.0,-75947.0,-19727.0
2025-05-09,PRO,-31269.0,93953.0,-29970.0,123923.0,-15939.0,21428.0,-27804.0,49232.0
2025-05-12,CLIENT,-18113.0,-333695.0,-224580.0,-109115.0,2377.0,-61890.0,-7109.0,-54781.0
2025-05-12,DII,52826.0,70.0,52649.0,-52579.0,-6353.0,0.0,-5848.0,5848.0
2025-05-12,FII,153.0,208120.0,181662.0,26458.0,7573.0,30337.0,-7283.0,37620.0
2025-05-12,PRO,-34866.0,125503.0,-9731.0,135234.0,-3597.0,31550.0,20239.0,11311.0
2025-05-13,CLIENT,22075.0,-151383.0,-261357.0,109974.0,40188.0,182312.0,-36777.0,219089.0
2025-05-13,DII,48613.0,70.0,48678.0,-48608.0,-4213.0,0.0,-3971.0,3971.0
2025-05-13,FII,-36500.0,126261.0,169872.0,-43611.0,-36653.0,-81859.0,-11790.0,-70069.0
2025-05-13,PRO,-34188.0,25052.0,42808.0,-17756.0,678.0,-100451.0,52539.0,-152990.0
2025-05-14,CLIENT,15767.0,-249091.0,-213378.0,-35713.0,-6308.0,-97708.0,47979.0,-145687.0
2025-05-14,DII,48421.0,70.0,48637.0,-48567.0,-192.0,0.0,-41.0,41.0
2025-05-14,FII,-34803.0,139538.0,147499.0,-7961.0,1697.0,13277.0,-22373.0,35650.0
2025-05-14,PRO,-29385.0,109482.0,17241.0,92241.0,4803.0,84430.0,-25567.0,109997.0
2025-05-15,CLIENT,1154.0,-242358.0,-203623.0,-38735.0,-14613.0,6733.0,9755.0,-3022.0
2025-05-15,DII,30648.0,70.0,45637.0,-45567.0,-17773.0,0.0,-3000.0,3000.0
2025-05-15,FII,-13521.0,184708.0,203164.0,-18456.0,21282.0,45170.0,55665.0,-10495.0
2025-05-15,PRO,-18281.0,57581.0,-45178.0,102759.0,11104.0,-51901.0,-62419.0,10518.0
2025-05-16,CLIENT,11101.0,-215667.0,-194008.0,-21659.0,9947.0,26691.0,9615.0,17076.0
2025-05-16,DII,32030.0,70.0,46637.0,-46567.0,1382.0,0.0,1000.0,-1000.0
2025-05-16,FII,-23235.0,167148.0,167641.0,-493.0,-9714.0,-17560.0,-35523.0,17963.0
2025-05-16,PRO,-19896.0,48448.0,-20269.0,68717.0,-1615.0,-9133.0,24909.0,-34042.0
2025-05-19,CLIENT,9056.0,-157699.0,-193317.0,35618.0,-2045.0,57968.0,691.0,57277.0
2025-05-19,DII,31205.0,70.0,49037.0,-48967.0,-825.0,0.0,2400.0,-2400.0
2025-05-19,FII,-23498.0,159222.0,179541.0,-20319.0,-263.0,-7926.0,11900.0,-19826.0
2025-05-19,PRO,-16763.0,-1594.0,-35261.0,33667.0,3133.0,-50042.0,-14992.0,-35050.0
2025-05-20,CLIENT,35223.0,-225527.0,-248635.0,23108.0,26167.0,-67828.0,-55318.0,-12510.0
2025-05-20,DII,16682.0,70.0,47437.0,-47367.0,-14523.0,0.0,-1600.0,1600.0
2025-05-20,FII,-38748.0,172720.0,199531.0,-26811.0,-15250.0,13498.0,19990.0,-6492.0
2025-05-20,PRO,-13157.0,52738.0,1666.0,51072.0,3606.0,54332.0,36927.0,17405.0
2025-05-21,CLIENT,43570.0,-415040.0,-340038.0,-75002.0,8347.0,-189513.0,-91403.0,-98110.0
2025-05-21,DII,-75.0,70.0,48254.0,-48184.0,-16757.0,0.0,817.0,-817.0
2025-05-21,FII,-37589.0,279920.0,282848.0,-2928.0,1159.0,107200.0,83317.0,23883.0
2025-05-21,PRO,-5906.0,135050.0,8936.0,126114.0,7251.0,82312.0,7270.0,75042.0
2025-05-22,CLIENT,64840.0,-156157.0,-284070.0,127913.0,21270.0,258883.0,55968.0,202915.0
2025-05-22,DII,-3157.0,70.0,48254.0,-48184.0,-3082.0,0.0,0.0,0.0
2025-05-22,FII,-55309.0,166819.0,230143.0,-63324.0,-17720.0,-113101.0,-52705.0,-60396.0
2025-05-22,PRO,-6374.0,-10733.0,5673.0,-16406.0,-468.0,-145783.0,-3263.0,-142520.0
2025-05-23,CLIENT,58947.0,-437047.0,-329400.0,-107647.0,-5893.0,-280890.0,-45330.0,-235560.0
2025-05-23,DII,-6214.0,70.0,48654.0,-48584.0,-3057.0,0.0,400.0,-400.0
2025-05-23,FII,-54197.0,244330.0,245430.0,-1100.0,1112.0,77511.0,15287.0,62224.0
2025-05-23,PRO,1464.0,192646.0,35315.0,157331.0,7838.0,203379.0,29642.0,173737.0
2025-05-26,CLIENT,58317.0,-537766.0,-473462.0,-64304.0,-630.0,-100719.0,-144062.0,43343.0
2025-05-26,DII,-13049.0,70.0,45628.0,-45558.0,-6835.0,0.0,-3026.0,3026.0
2025-05-26,FII,-51312.0,361385.0,361475.0,-90.0,2885.0,117055.0,116045.0,1010.0
2025-05-26,PRO,6044.0,176311.0,66359.0,109952.0,4580.0,-16335.0,31044.0,-47379.0
2025-05-27,CLIENT,65811.0,-589028.0,-620662.0,31634.0,7494.0,-51262.0,-147200.0,95938.0
2025-05-27,DII,9789.0,70.0,45335.0,-45265.0,22838.0,0.0,-293.0,293.0
2025-05-27,FII,-67419.0,382262.0,447865.0,-65603.0,-16107.0,20877.0,86390.0,-65513.0
2025-05-27,PRO,-8181.0,206696.0,127463.0,79233.0,-14225.0,30385.0,61104.0,-30719.0
2025-05-28,CLIENT,72443.0,-146421.0,-226845.0,80424.0,6632.0,442607.0,393817.0,48790.0
2025-05-28,DII,12475.0,70.0,45335.0,-45265.0,2686.0,0.0,0.0,0.0
2025-05-28,FII,-78987.0,119379.0,163025.0,-43646.0,-11568.0,-262883.0,-284840.0,21957.0
2025-05-28,PRO,-5931.0,26972.0,18485.0,8487.0,2250.0,-179724.0,-108978.0,-70746.0
2025-05-29,CLIENT,57892.0,-100602.0,-203923.0,103321.0,-14551.0,45819.0,22922.0,22897.0
2025-05-29,DII,36319.0,70.0,10901.0,-10831.0,23844.0,0.0,-34434.0,34434.0
2025-05-29,FII,-77963.0,65731.0,124769.0,-59038.0,1024.0,-53648.0,-38256.0,-15392.0
2025-05-29,PRO,-16248.0,34801.0,68253.0,-33452.0,-10317.0,7829.0,49768.0,-41939.0
2025-05-30,CLIENT,61790.0,-236926.0,-299368.0,62442.0,3898.0,-136324.0,-95445.0,-40879.0
2025-05-30,DII,35057.0,70.0,10901.0,-10831.0,-1262.0,0.0,0.0,0.0
2025-05-30,FII,-83684.0,131808.0,169358.0,-37550.0,-5721.0,66077.0,44589.0,21488.0
2025-05-30,PRO,-13163.0,105048.0,119110.0,-14062.0,3085.0,70247.0,50857.0,19390.0
2025-06-02,CLIENT,61976.0,-460074.0,-395379.0,-64695.0,186.0,-223148.0,-96011.0,-127137.0
2025-06-02,DII,40429.0,70.0,10901.0,-10831.0,5372.0,0.0,0.0,0.0
2025-06-02,FII,-89066.0,204143.0,262327.0,-58184.0,-5382.0,72335.0,92969.0,-20634.0
2025-06-02,PRO,-13339.0,255861.0,122150.0,133711.0,-176.0,150813.0,3040.0,147773.0
2025-06-03,CLIENT,69389.0,-267081.0,-306547.0,39466.0,7413.0,192993.0,88832.0,104161.0
2025-06-03,DII,45236.0,70.0,10901.0,-10831.0,4807.0,0.0,0.0,0.0
2025-06-03,FII,-103154.0,129647.0,201269.0,-71622.0,-14088.0,-74496.0,-61058.0,-13438.0
2025-06-03,PRO,-11471.0,137363.0,94377.0,42986.0,1868.0,-118498.0,-27773.0,-90725.0
2025-06-04,CLIENT,68635.0,-302896.0,-238170.0,-64726.0,-754.0,-35815.0,68377.0,-104192.0
2025-06-04,DII,44591.0,70.0,10901.0,-10831.0,-645.0,0.0,0.0,0.0
2025-06-04,FII,-102935.0,99579.0,135421.0,-35842.0,219.0,-30068.0,-65848.0,35780.0
2025-06-04,PRO,-10291.0,203248.0,91847.0,111401.0,1180.0,65885.0,-2530.0,68415.0
2025-06-05,CLIENT,68669.0,-173640.0,-239220.0,65580.0,34.0,129256.0,-1050.0,130306.0
2025-06-05,DII,39090.0,70.0,10901.0,-10831.0,-5501.0,0.0,0.0,0.0
2025-06-05,FII,-106988.0,121865.0,167134.0,-45269.0,-4053.0,22286.0,31713.0,-9427.0
2025-06-05,PRO,-771.0,51704.0,61186.0,-9482.0,9520.0,-151544.0,-30661.0,-120883.0
2025-06-06,CLIENT,61524.0,-322450.0,-171484.0,-150966.0,-7145.0,-148810.0,67736.0,-216546.0
2025-06-06,DII,39366.0,70.0,11201.0,-11131.0,276.0,0.0,300.0,-300.0
2025-06-06,FII,-92730.0,148011.0,142403.0,5608.0,14258.0,26146.0,-24731.0,50877.0
2025-06-06,PRO,-8160.0,174370.0,17880.0,156490.0,-7389.0,122666.0,-43306.0,165972.0
2025-06-09,CLIENT,66571.0,-230570.0,-102716.0,-127854.0,5047.0,91880.0,68768.0,23112.0
2025-06-09,DII,42426.0,70.0,11201.0,-11131.0,3060.0,0.0,0.0,0.0
2025-06-09,FII,-95872.0,121788.0,128456.0,-6668.0,-3142.0,-26223.0,-13947.0,-12276.0
2025-06-09,PRO,-13125.0,108712.0,-36941.0,145653.0,-4965.0,-65658.0,-54821.0,-10837.0
2025-06-10,CLIENT,69100.0,-184510.0,-148224.0,-36286.0,2529.0,46060.0,-45508.0,91568.0
2025-06-10,DII,39527.0,70.0,11201.0,-11131.0,-2899.0,0.0,0.0,0.0
2025-06-10,FII,-93024.0,116574.0,155261.0,-38687.0,2848.0,-5214.0,26805.0,-32019.0
2025-06-10,PRO,-15603.0,67866.0,-18238.0,86104.0,-2478.0,-40846.0,18703.0,-59549.0
2025-06-11,CLIENT,61337.0,-403029.0,-336633.0,-66396.0,-7763.0,-218519.0,-188409.0,-30110.0
2025-06-11,DII,36082.0,70.0,11201.0,-11131.0,-3445.0,0.0,0.0,0.0
2025-06-11,FII,-86549.0,275876.0,298678.0,-22802.0,6475.0,159302.0,143417.0,15885.0
2025-06-11,PRO,-10870.0,127084.0,26755.0,100329.0,4733.0,59218.0,44993.0,14225.0
2025-06-12,CLIENT,73268.0,-168534.0,-284177.0,115643.0,11931.0,234495.0,52456.0,182039.0
2025-06-12,DII,43251.0,70.0,14534.0,-14464.0,7169.0,0.0,3333.0,-3333.0
2025-06-12,FII,-99478.0,159982.0,221599.0,-61617.0,-12929.0,-115894.0,-77079.0,-38815.0
2025-06-12,PRO,-17041.0,8483.0,48044.0,-39561.0,-6171.0,-118601.0,21289.0,-139890.0
2025-06-13,CLIENT,76557.0,-290446.0,-273894.0,-16552.0,3289.0,-121912.0,10283.0,-132195.0
2025-06-13,DII,53065.0,70.0,15534.0,-15464.0,9814.0,0.0,1000.0,-1000.0
2025-06-13,FII,-104209.0,165056.0,210968.0,-45912.0,-4731.0,5074.0,-10631.0,15705.0
2025-06-13,PRO,-25413.0,125320.0,47392.0,77928.0,-8372.0,116837.0,-652.0,117489.0
2025-06-16,CLIENT,65529.0,-462587.0,-207976.0,-254611.0,-11028.0,-172141.0,65918.0,-238059.0
2025-06-16,DII,46627.0,70.0,15546.0,-15476.0,-6438.0,0.0,12.0,-12.0
2025-06-16,FII,-101743.0,163196.0,183033.0,-19837.0,2466.0,-1860.0,-27935.0,26075.0
2025-06-16,PRO,-10413.0,299322.0,9396.0,289926.0,15000.0,174002.0,-37996.0,211998.0
2025-06-17,CLIENT,70087.0,-314808.0,-260561.0,-54247.0,4558.0,147779.0,-52585.0,200364.0
2025-06-17,DII,46270.0,70.0,15887.0,-15817.0,-357.0,0.0,341.0,-341.0
2025-06-17,FII,-99483.0,177016.0,209593.0,-32577.0,2260.0,13820.0,26560.0,-12740.0
2025-06-17,PRO,-16874.0,137723.0,35081.0,102642.0,-6461.0,-161599.0,25685.0,-187284.0
2025-06-18,CLIENT,68661.0,-287058.0,-254088.0,-32970.0,-1426.0,27750.0,6473.0,21277.0
2025-06-18,DII,42546.0,70.0,15887.0,-15817.0,-3724.0,0.0,0.0,0.0
2025-06-18,FII,-99133.0,130839.0,180088.0,-49249.0,350.0,-46177.0,-29505.0,-16672.0
2025-06-18,PRO,-12074.0,156149.0,58112.0,98037.0,4800.0,18426.0,23031.0,-4605.0
2025-06-19,CLIENT,63853.0,-299609.0,-267400.0,-32209.0,-4808.0,-12551.0,-13312.0,761.0
2025-06-19,DII,42240.0,70.0,15887.0,-15817.0,-306.0,0.0,0.0,0.0
2025-06-19,FII,-96962.0,202148.0,228408.0,-26260.0,2171.0,71309.0,48320.0,22989.0
2025-06-19,PRO,-9131.0,97390.0,23105.0,74285.0,2943.0,-58759.0,-35007.0,-23752.0
2025-06-20,CLIENT,57755.0,-478983.0,-244138.0,-234845.0,-6098.0,-179374.0,23262.0,-202636.0
2025-06-20,DII,30556.0,70.0,15887.0,-15817.0,-11684.0,0.0,0.0,0.0
2025-06-20,FII,-96368.0,154723.0,167710.0,-12987.0,594.0,-47425.0,-60698.0,13273.0
2025-06-20,PRO,8057.0,324190.0,60542.0,263648.0,17188.0,226800.0,37437.0,189363.0
2025-06-23,CLIENT,68000.0,-446869.0,-330858.0,-116011.0,10245.0,32114.0,-86720.0,118834.0
2025-06-23,DII,32427.0,70.0,23487.0,-23417.0,1871.0,0.0,7600.0,-7600.0
2025-06-23,FII,-102707.0,178741.0,216404.0,-37663.0,-6339.0,24018.0,48694.0,-24676.0
2025-06-23,PRO,2280.0,268059.0,90966.0,177093.0,-5777.0,-56131.0,30424.0,-86555.0
2025-06-24,CLIENT,71798.0,-385436.0,-284895.0,-100541.0,3798.0,61433.0,45963.0,15470.0
2025-06-24,DII,34509.0,70.0,25187.0,-25117.0,2082.0,0.0,1700.0,-1700.0
2025-06-24,FII,-109471.0,78432.0,132427.0,-53995.0,-6764.0,-100309.0,-83977.0,-16332.0
2025-06-24,PRO,3164.0,306935.0,127281.0,179654.0,884.0,38876.0,36315.0,2561.0
2025-06-25,CLIENT,55929.0,-481029.0,-318693.0,-162336.0,-15869.0,-95593.0,-33798.0,-61795.0
2025-06-25,DII,30435.0,70.0,25187.0,-25117.0,-4074.0,0.0,0.0,0.0
2025-06-25,FII,-106870.0,157557.0,181061.0,-23504.0,2601.0,79125.0,48634.0,30491.0
2025-06-25,PRO,20506.0,323402.0,112445.0,210957.0,17342.0,16467.0,-14836.0,31303.0
2025-06-26,CLIENT,19049.0,-254641.0,-161026.0,-93615.0,-36880.0,226388.0,157667.0,68721.0
2025-06-26,DII,28227.0,70.0,14983.0,-14913.0,-2208.0,0.0,-10204.0,10204.0
2025-06-26,FII,-34967.0,73440.0,76941.0,-3501.0,71903.0,-84117.0,-104120.0,20003.0
2025-06-26,PRO,-12309.0,181132.0,69103.0,112029.0,-32815.0,-142270.0,-43342.0,-98928.0
2025-06-27,CLIENT,16349.0,-336813.0,-128949.0,-207864.0,-2700.0,-82172.0,32077.0,-114249.0
2025-06-27,DII,28909.0,70.0,18383.0,-18313.0,682.0,0.0,3400.0,-3400.0
2025-06-27,FII,-33518.0,43047.0,40446.0,2601.0,1449.0,-30393.0,-36495.0,6102.0
2025-06-27,PRO,-11740.0,293696.0,70120.0,223576.0,569.0,112564.0,1017.0,111547.0
2025-06-30,CLIENT,9590.0,-264308.0,-179075.0,-85233.0,-6759.0,72505.0,-50126.0,122631.0
2025-06-30,DII,30205.0,70.0,18383.0,-18313.0,1296.0,0.0,0.0,0.0
2025-06-30,FII,-38123.0,-3778.0,17345.0,-21123.0,-4605.0,-46825.0,-23101.0,-23724.0
2025-06-30,PRO,-1672.0,268015.0,143348.0,124667.0,10068.0,-25681.0,73228.0,-98909.0
2025-07-01,CLIENT,5545.0,-221019.0,-284875.0,63856.0,-4045.0,43289.0,-105800.0,149089.0
2025-07-01,DII,29879.0,70.0,18383.0,-18313.0,-326.0,0.0,0.0,0.0
2025-07-01,FII,-38706.0,30399.0,134166.0,-103767.0,-583.0,34177.0,116821.0,-82644.0
2025-07-01,PRO,3282.0,190550.0,132326.0,58224.0,4954.0,-77465.0,-11022.0,-66443.0
2025-07-02,CLIENT,17658.0,-28759.0,-242289.0,213530.0,12113.0,192260.0,42586.0,149674.0
2025-07-02,DII,31441.0,70.0,17583.0,-17513.0,1562.0,0.0,-800.0,800.0
2025-07-02,FII,-49221.0,-61123.0,143012.0,-204135.0,-10515.0,-91522.0,8846.0,-100368.0
2025-07-02,PRO,122.0,89811.0,81695.0,8116.0,-3160.0,-100739.0,-50631.0,-50108.0
2025-07-03,CLIENT,25547.0,-81981.0,-311060.0,229079.0,7889.0,-53222.0,-68771.0,15549.0
2025-07-03,DII,33417.0,70.0,17583.0,-17513.0,1976.0,0.0,0.0,0.0
2025-07-03,FII,-61807.0,48539.0,163947.0,-115408.0,-12586.0,109662.0,20935.0,88727.0
2025-07-03,PRO,2843.0,33371.0,129531.0,-96160.0,2721.0,-56440.0,47836.0,-104276.0
2025-07-04,CLIENT,31704.0,-266433.0,-346840.0,80407.0,6157.0,-184452.0,-35780.0,-148672.0
2025-07-04,DII,31552.0,70.0,18084.0,-18014.0,-1865.0,0.0,501.0,-501.0
2025-07-04,FII,-65687.0,52403.0,152026.0,-99623.0,-3880.0,3864.0,-11921.0,15785.0
2025-07-04,PRO,2431.0,213960.0,176731.0,37229.0,-412.0,180589.0,47200.0,133389.0
2025-07-07,CLIENT,37516.0,-180422.0,-335050.0,154628.0,5812.0,86011.0,11790.0,74221.0
2025-07-07,DII,31432.0,70.0,18084.0,-18014.0,-120.0,0.0,0.0,0.0
2025-07-07,FII,-69103.0,42183.0,142289.0,-100106.0,-3416.0,-10220.0,-9737.0,-483.0
2025-07-07,PRO,155.0,138170.0,174677.0,-36507.0,-2276.0,-75790.0,-2054.0,-73736.0
2025-07-08,CLIENT,43915.0,-178874.0,-283683.0,104809.0,6399.0,1548.0,51367.0,-49819.0
2025-07-08,DII,31399.0,70.0,21581.0,-21511.0,-33.0,0.0,3497.0,-3497.0
2025-07-08,FII,-70513.0,34961.0,135065.0,-100104.0,-1410.0,-7222.0,-7224.0,2.0
2025-07-08,PRO,-4801.0,143843.0,127038.0,16805.0,-4956.0,5673.0,-47639.0,53312.0
2025-07-09,CLIENT,45795.0,-77524.0,-322806.0,245282.0,1880.0,101350.0,-39123.0,140473.0
2025-07-09,DII,31417.0,70.0,21581.0,-21511.0,18.0,0.0,0.0,0.0
2025-07-09,FII,-75705.0,14829.0,136150.0,-121321.0,-5192.0,-20132.0,1085.0,-21217.0
2025-07-09,PRO,-1507.0,62625.0,165076.0,-102451.0,3294.0,-81218.0,38038.0,-119256.0
2025-07-10,CLIENT,54189.0,-39073.0,-297170.0,258097.0,8394.0,38451.0,25636.0,12815.0
2025-07-10,DII,31553.0,70.0,20581.0,-20511.0,136.0,0.0,-1000.0,1000.0
2025-07-10,FII,-85249.0,45131.0,156803.0,-111672.0,-9544.0,30302.0,20653.0,9649.0
2025-07-10,PRO,-493.0,-6127.0,119787.0,-125914.0,1014.0,-68752.0,-45289.0,-23463.0
2025-07-11,CLIENT,68023.0,-24996.0,-392811.0,367815.0,13834.0,14077.0,-95641.0,109718.0
2025-07-11,DII,34163.0,70.0,16888.0,-16818.0,2610.0,0.0,-3693.0,3693.0
2025-07-11,FII,-103760.0,8685.0,175004.0,-166319.0,-18511.0,-36446.0,18201.0,-54647.0
2025-07-11,PRO,1574.0,16242.0,200919.0,-184677.0,2067.0,22369.0,81132.0,-58763.0
2025-07-14,CLIENT,79847.0,-76753.0,-402648.0,325895.0,11824.0,-51757.0,-9837.0,-41920.0
2025-07-14,DII,35779.0,70.0,15336.0,-15266.0,1616.0,0.0,-1552.0,1552.0
2025-07-14,FII,-121062.0,-16851.0,148916.0,-165767.0,-17302.0,-25536.0,-26088.0,552.0
2025-07-14,PRO,5436.0,93535.0,238397.0,-144862.0,3862.0,77293.0,37478.0,39815.0
2025-07-15,CLIENT,83167.0,-103657.0,-345511.0,241854.0,3320.0,-26904.0,57137.0,-84041.0
2025-07-15,DII,35932.0,70.0,13283.0,-13213.0,153.0,0.0,-2053.0,2053.0
2025-07-15,FII,-121820.0,6096.0,149976.0,-143880.0,-758.0,22947.0,1060.0,21887.0
2025-07-15,PRO,2721.0,97492.0,182253.0,-84761.0,-2715.0,3957.0,-56144.0,60101.0
2025-07-16,CLIENT,84028.0,-74409.0,-330256.0,255847.0,861.0,29248.0,15255.0,13993.0
2025-07-16,DII,37984.0,70.0,13283.0,-13213.0,2052.0,0.0,0.0,0.0
2025-07-16,FII,-125512.0,5371.0,151903.0,-146532.0,-3692.0,-725.0,1927.0,-2652.0
2025-07-16,PRO,3500.0,68968.0,165071.0,-96103.0,779.0,-28524.0,-17182.0,-11342.0
2025-07-17,CLIENT,86992.0,-4638.0,-347147.0,342509.0,2964.0,69771.0,-16891.0,86662.0
2025-07-17,DII,40003.0,1570.0,13283.0,-11713.0,2019.0,1500.0,0.0,1500.0
2025-07-17,FII,-135747.0,38116.0,179972.0,-141856.0,-10235.0,32745.0,28069.0,4676.0
2025-07-17,PRO,8752.0,-35048.0,153891.0,-188939.0,5252.0,-104016.0,-11180.0,-92836.0
2025-07-18,CLIENT,93990.0,-35474.0,-439926.0,404452.0,6998.0,-30836.0,-92779.0,61943.0
2025-07-18,DII,35942.0,7570.0,14283.0,-6713.0,-4061.0,6000.0,1000.0,5000.0
2025-07-18,FII,-148064.0,119.0,199419.0,-199300.0,-12317.0,-37997.0,19447.0,-57444.0
2025-07-18,PRO,18132.0,27786.0,226224.0,-198438.0,9380.0,62834.0,72333.0,-9499.0
2025-07-21,CLIENT,95821.0,-195811.0,-390989.0,195178.0,1831.0,-160337.0,48937.0,-209274.0
2025-07-21,DII,37199.0,5911.0,14283.0,-8372.0,1257.0,-1659.0,0.0,-1659.0
2025-07-21,FII,-145244.0,-1386.0,151705.0,-153091.0,2820.0,-1505.0,-47714.0,46209.0
2025-07-21,PRO,12224.0,191286.0,225002.0,-33716.0,-5908.0,163500.0,-1222.0,164722.0
2025-07-22,CLIENT,97945.0,-23170.0,-408505.0,385335.0,2124.0,172641.0,-17516.0,190157.0
2025-07-22,DII,36280.0,5911.0,14283.0,-8372.0,-919.0,0.0,0.0,0.0
2025-07-22,FII,-149454.0,-20032.0,177828.0,-197860.0,-4210.0,-18646.0,26123.0,-44769.0
2025-07-22,PRO,15229.0,37291.0,216394.0,-179103.0,3005.0,-153995.0,-8608.0,-145387.0
2025-07-23,CLIENT,101521.0,-219585.0,-284744.0,65159.0,3576.0,-196415.0,123761.0,-320176.0
2025-07-23,DII,33796.0,5911.0,14283.0,-8372.0,-2484.0,0.0,0.0,0.0
2025-07-23,FII,-145557.0,16160.0,135507.0,-119347.0,3897.0,36192.0,-42321.0,78513.0
2025-07-23,PRO,10240.0,197513.0,134955.0,62558.0,-4989.0,160222.0,-81439.0,241661.0
2025-07-24,CLIENT,108784.0,-13124.0,-366951.0,353827.0,7263.0,206461.0,-82207.0,288668.0
2025-07-24,DII,28255.0,1570.0,14963.0,-13393.0,-5541.0,-4341.0,680.0,-5021.0
2025-07-24,FII,-145538.0,26794.0,192704.0,-165910.0,19.0,10634.0,57197.0,-46563.0
2025-07-24,PRO,8499.0,-15239.0,159285.0,-174524.0,-1741.0,-212752.0,24330.0,-237082.0
2025-07-25,CLIENT,116447.0,66322.0,-475122.0,541444.0,7663.0,79446.0,-108171.0,187617.0
2025-07-25,DII,24677.0,1570.0,14963.0,-13393.0,-3578.0,0.0,0.0,0.0
2025-07-25,FII,-158520.0,-28253.0,234060.0,-262313.0,-12982.0,-55047.0,41356.0,-96403.0
2025-07-25,PRO,17396.0,-39639.0,226100.0,-265739.0,8897.0,-24400.0,66815.0,-91215.0
2025-07-28,CLIENT,126837.0,81656.0,-509312.0,590968.0,10390.0,15334.0,-34190.0,49524.0
2025-07-28,DII,22674.0,1570.0,18296.0,-16726.0,-2003.0,0.0,3333.0,-3333.0
2025-07-28,FII,-164728.0,-77664.0,242245.0,-319909.0,-6208.0,-49411.0,8185.0,-57596.0
2025-07-28,PRO,15217.0,-5563.0,248772.0,-254335.0,-2179.0,34076.0,22672.0,11404.0
2025-07-29,CLIENT,131804.0,-123176.0,-441046.0,317870.0,4967.0,-204832.0,68266.0,-273098.0
2025-07-29,DII,29028.0,1570.0,23796.0,-22226.0,6354.0,0.0,5500.0,-5500.0
2025-07-29,FII,-170684.0,-25718.0,203165.0,-228883.0,-5956.0,51946.0,-39080.0,91026.0
2025-07-29,PRO,9852.0,147324.0,214085.0,-66761.0,-5365.0,152887.0,-34687.0,187574.0
2025-07-30,CLIENT,133041.0,-5397.0,-378175.0,372778.0,1237.0,117779.0,62871.0,54908.0
2025-07-30,DII,25859.0,1570.0,27796.0,-26226.0,-3169.0,0.0,4000.0,-4000.0
2025-07-30,FII,-173013.0,-50389.0,149987.0,-200376.0,-2329.0,-24671.0,-53178.0,28507.0
2025-07-30,PRO,14113.0,54216.0,200392.0,-146176.0,4261.0,-93108.0,-13693.0,-79415.0
2025-07-31,CLIENT,103977.0,-7737.0,-342532.0,334795.0,-29064.0,-2340.0,35643.0,-37983.0
2025-07-31,DII,30191.0,70.0,24774.0,-24704.0,4332.0,-1500.0,-3022.0,1522.0
2025-07-31,FII,-137660.0,-37490.0,183732.0,-221222.0,35353.0,12899.0,33745.0,-20846.0
2025-07-31,PRO,3492.0,45156.0,134026.0,-88870.0,-10621.0,-9060.0,-66366.0,57306.0
2025-08-01,CLIENT,115383.0,93582.0,-452100.0,545682.0,11406.0,101319.0,-109568.0,210887.0
2025-08-01,DII,31739.0,70.0,24774.0,-24704.0,1548.0,0.0,0.0,0.0
2025-08-01,FII,-158184.0,-77567.0,200992.0,-278559.0,-20524.0,-40077.0,17260.0,-57337.0
2025-08-01,PRO,11062.0,-16085.0,226335.0,-242420.0,7570.0,-61241.0,92309.0,-153550.0
2025-08-04,CLIENT,112827.0,-97417.0,-421736.0,324319.0,-2556.0,-190999.0,30364.0,-221363.0
2025-08-04,DII,31693.0,70.0,24774.0,-24704.0,-46.0,0.0,0.0,0.0
2025-08-04,FII,-156950.0,-46475.0,168384.0,-214859.0,1234.0,31092.0,-32608.0,63700.0
2025-08-04,PRO,12430.0,143821.0,228577.0,-84756.0,1368.0,159906.0,2242.0,157664.0
2025-08-05,CLIENT,118497.0,27909.0,-425276.0,453185.0,5670.0,125326.0,-3540.0,128866.0
2025-08-05,DII,33417.0,70.0,19634.0,-19564.0,1724.0,0.0,-5140.0,5140.0
2025-08-05,FII,-168774.0,-39792.0,196892.0,-236684.0,-11824.0,6683.0,28508.0,-21825.0
2025-08-05,PRO,16860.0,11813.0,208751.0,-196938.0,4430.0,-132008.0,-19826.0,-112182.0
2025-08-06,CLIENT,114874.0,129298.0,-462695.0,591993.0,-3623.0,101389.0,-37419.0,138808.0
2025-08-06,DII,33843.0,70.0,29634.0,-29564.0,426.0,0.0,10000.0,-10000.0
2025-08-06,FII,-167091.0,-52842.0,262008.0,-314850.0,1683.0,-13050.0,65116.0,-78166.0
2025-08-06,PRO,18374.0,-76527.0,171053.0,-247580.0,1514.0,-88340.0,-37698.0,-50642.0
2025-08-07,CLIENT,119810.0,67222.0,-376251.0,443473.0,4936.0,-62076.0,86444.0,-148520.0
2025-08-07,DII,36932.0,70.0,25383.0,-25313.0,3089.0,0.0,-4251.0,4251.0
2025-08-07,FII,-173259.0,-45756.0,241975.0,-287731.0,-6168.0,7086.0,-20033.0,27119.0
2025-08-07,PRO,16517.0,-21536.0,108892.0,-130428.0,-1857.0,54991.0,-62161.0,117152.0
2025-08-08,CLIENT,124158.0,158924.0,-491313.0,650237.0,4348.0,91702.0,-115062.0,206764.0
2025-08-08,DII,41500.0,12070.0,32394.0,-20324.0,4568.0,12000.0,7011.0,4989.0
2025-08-08,FII,-182670.0,-90813.0,283135.0,-373948.0,-9411.0,-45057.0,41160.0,-86217.0
2025-08-08,PRO,17012.0,-80181.0,175784.0,-255965.0,495.0,-58645.0,66892.0,-125537.0
2025-08-11,CLIENT,122354.0,-85872.0,-409605.0,323733.0,-1804.0,-244796.0,81708.0,-326504.0
2025-08-11,DII,39277.0,70.0,34894.0,-34824.0,-2223.0,-12000.0,2500.0,-14500.0
2025-08-11,FII,-179727.0,-66446.0,229285.0,-295731.0,2943.0,24367.0,-53850.0,78217.0
2025-08-11,PRO,18096.0,152248.0,145427.0,6821.0,1084.0,232429.0,-30357.0,262786.0
2025-08-12,CLIENT,127288.0,94427.0,-479902.0,574329.0,4934.0,180299.0,-70297.0,250596.0
2025-08-12,DII,38542.0,70.0,34894.0,-34824.0,-735.0,0.0,0.0,0.0
2025-08-12,FII,-185258.0,-87161.0,252147.0,-339308.0,-5531.0,-20715.0,22862.0,-43577.0
2025-08-12,PRO,19428.0,-7336.0,192862.0,-200198.0,1332.0,-159584.0,47435.0,-207019.0
2025-08-13,CLIENT,126179.0,50030.0,-365928.0,415958.0,-1109.0,-44397.0,113974.0,-158371.0
2025-08-13,DII,37475.0,1070.0,33439.0,-32369.0,-1067.0,1000.0,-1455.0,2455.0
2025-08-13,FII,-182757.0,-51745.0,190624.0,-242369.0,2501.0,35416.0,-61523.0,96939.0
2025-08-13,PRO,19103.0,645.0,141866.0,-141221.0,-325.0,7981.0,-50996.0,58977.0
2025-08-14,CLIENT,124131.0,171392.0,-390725.0,562117.0,-2048.0,121362.0,-24797.0,146159.0
2025-08-14,DII,34935.0,5870.0,45454.0,-39584.0,-2540.0,4800.0,12015.0,-7215.0
2025-08-14,FII,-182879.0,-32029.0,255844.0,-287873.0,-122.0,19716.0,65220.0,-45504.0
2025-08-14,PRO,23813.0,-145233.0,89428.0,-234661.0,4710.0,-145878.0,-52438.0,-93440.0
2025-08-18,CLIENT,115802.0,92066.0,-462748.0,554814.0,-8329.0,-79326.0,-72023.0,-7303.0
2025-08-18,DII,37108.0,2170.0,45454.0,-43284.0,2173.0,-3700.0,0.0,-3700.0
2025-08-18,FII,-171324.0,-29105.0,254862.0,-283967.0,11555.0,2924.0,-982.0,3906.0
2025-08-18,PRO,18414.0,-65131.0,162433.0,-227564.0,-5399.0,80102.0,73005.0,7097.0
2025-08-19,CLIENT,117650.0,11432.0,-385249.0,396681.0,1848.0,-80634.0,77499.0,-158133.0
2025-08-19,DII,36962.0,950.0,57454.0,-56504.0,-146.0,-1220.0,12000.0,-13220.0
2025-08-19,FII,-171531.0,-12657.0,262465.0,-275122.0,-207.0,16448.0,7603.0,8845.0
2025-08-19,PRO,16919.0,275.0,65330.0,-65055.0,-1495.0,65406.0,-97103.0,162509.0
2025-08-20,CLIENT,119115.0,33488.0,-325559.0,359047.0,1465.0,22056.0,59690.0,-37634.0
2025-08-20,DII,32204.0,950.0,54679.0,-53729.0,-4758.0,0.0,-2775.0,2775.0
2025-08-20,FII,-173192.0,-37921.0,211298.0,-249219.0,-1661.0,-25264.0,-51167.0,25903.0
2025-08-20,PRO,21873.0,3484.0,59581.0,-56097.0,4954.0,3209.0,-5749.0,8958.0
2025-08-21,CLIENT,111440.0,36337.0,-406867.0,443204.0,-7675.0,2849.0,-81308.0,84157.0
2025-08-21,DII,30912.0,950.0,44854.0,-43904.0,-1292.0,0.0,-9825.0,9825.0
2025-08-21,FII,-168050.0,-14965.0,262534.0,-277499.0,5142.0,22956.0,51236.0,-28280.0
2025-08-21,PRO,25698.0,-22322.0,99479.0,-121801.0,3825.0,-25806.0,39898.0,-65704.0
2025-08-22,CLIENT,117048.0,11023.0,-580080.0,591103.0,5608.0,-25314.0,-173213.0,147899.0
2025-08-22,DII,28985.0,950.0,44854.0,-43904.0,-1927.0,0.0,0.0,0.0
2025-08-22,FII,-171509.0,-59392.0,294569.0,-353961.0,-3459.0,-44427.0,32035.0,-76462.0
2025-08-22,PRO,25476.0,47419.0,240657.0,-193238.0,-222.0,69741.0,141178.0,-71437.0
2025-08-25,CLIENT,115621.0,-86844.0,-466171.0,379327.0,-1427.0,-97867.0,113909.0,-211776.0
2025-08-25,DII,27529.0,370.0,44854.0,-44484.0,-1456.0,-580.0,0.0,-580.0
2025-08-25,FII,-170238.0,-47379.0,261702.0,-309081.0,1271.0,12013.0,-32867.0,44880.0
2025-08-25,PRO,27088.0,133853.0,159616.0,-25763.0,1612.0,86434.0,-81041.0,167475.0
2025-08-26,CLIENT,123341.0,99592.0,-527578.0,627170.0,7720.0,186436.0,-61407.0,247843.0
2025-08-26,DII,27299.0,370.0,44854.0,-44484.0,-230.0,0.0,0.0,0.0
2025-08-26,FII,-176929.0,-52912.0,291534.0,-344446.0,-6691.0,-5533.0,29832.0,-35365.0
2025-08-26,PRO,26289.0,-47049.0,191191.0,-238240.0,-799.0,-180902.0,31575.0,-212477.0
2025-08-28,CLIENT,127635.0,94656.0,-412890.0,507546.0,4294.0,-4936.0,114688.0,-119624.0
2025-08-28,DII,36166.0,370.0,22179.0,-21809.0,8867.0,0.0,-22675.0,22675.0
2025-08-28,FII,-168514.0,-46009.0,286019.0,-332028.0,8415.0,6903.0,-5515.0,12418.0
2025-08-28,PRO,4713.0,-49017.0,104692.0,-153709.0,-21576.0,-1968.0,-86499.0,84531.0
2025-08-29,CLIENT,130316.0,139360.0,-497793.0,637153.0,2681.0,44704.0,-84903.0,129607.0
2025-08-29,DII,36834.0,370.0,34939.0,-34569.0,668.0,0.0,12760.0,-12760.0
2025-08-29,FII,-175195.0,-75153.0,275057.0,-350210.0,-6681.0,-29144.0,-10962.0,-18182.0
2025-08-29,PRO,8045.0,-64577.0,187796.0,-252373.0,3332.0,-15560.0,83104.0,-98664.0
2025-09-01,CLIENT,129446.0,30471.0,-412058.0,442529.0,-870.0,-108889.0,85735.0,-194624.0
2025-09-01,DII,34318.0,370.0,34939.0,-34569.0,-2516.0,0.0,0.0,0.0
2025-09-01,FII,-172547.0,-51703.0,196350.0,-248053.0,2648.0,23450.0,-78707.0,102157.0
2025-09-01,PRO,8783.0,20863.0,180769.0,-159906.0,738.0,85440.0,-7027.0,92467.0
2025-09-02,CLIENT,130100.0,54198.0,-478350.0,532548.0,654.0,23727.0,-66292.0,90019.0
2025-09-02,DII,34159.0,370.0,34939.0,-34569.0,-159.0,0.0,0.0,0.0
2025-09-02,FII,-180425.0,-38055.0,297866.0,-335921.0,-7878.0,13648.0,101516.0,-87868.0
2025-09-02,PRO,16166.0,-16513.0,145545.0,-162058.0,7383.0,-37376.0,-35224.0,-2152.0
2025-09-03,CLIENT,131260.0,-43957.0,-379538.0,335581.0,1160.0,-98155.0,98812.0,-196967.0
2025-09-03,DII,35688.0,970.0,34939.0,-33969.0,1529.0,600.0,0.0,600.0
2025-09-03,FII,-182796.0,-62856.0,219295.0,-282151.0,-2371.0,-24801.0,-78571.0,53770.0
2025-09-03,PRO,15848.0,105843.0,125304.0,-19461.0,-318.0,122356.0,-20241.0,142597.0
2025-09-04,CLIENT,130580.0,80642.0,-474992.0,555634.0,-680.0,124599.0,-95454.0,220053.0
2025-09-04,DII,34178.0,970.0,34939.0,-33969.0,-1510.0,0.0,0.0,0.0
2025-09-04,FII,-188577.0,-59403.0,270400.0,-329803.0,-5781.0,3453.0,51105.0,-47652.0
2025-09-04,PRO,23819.0,-22208.0,169653.0,-191861.0,7971.0,-128051.0,44349.0,-172400.0
2025-09-05,CLIENT,130636.0,24653.0,-432555.0,457208.0,56.0,-55989.0,42437.0,-98426.0
2025-09-05,DII,36869.0,970.0,37539.0,-36569.0,2691.0,0.0,2600.0,-2600.0
2025-09-05,FII,-191415.0,-42232.0,284954.0,-327186.0,-2838.0,17171.0,14554.0,2617.0
2025-09-05,PRO,23910.0,16609.0,110062.0,-93453.0,91.0,38817.0,-59591.0,98408.0
2025-09-08,CLIENT,133048.0,320.0,-456345.0,456665.0,2412.0,-24333.0,-23790.0,-543.0
2025-09-08,DII,38097.0,970.0,37539.0,-36569.0,1228.0,0.0,0.0,0.0
2025-09-08,FII,-191360.0,7637.0,286112.0,-278475.0,55.0,49869.0,1158.0,48711.0
2025-09-08,PRO,20215.0,-8927.0,132694.0,-141621.0,-3695.0,-25536.0,22632.0,-48168.0
2025-09-09,CLIENT,132370.0,17885.0,-401359.0,419244.0,-678.0,17565.0,54986.0,-37421.0
2025-09-09,DII,37897.0,970.0,37539.0,-36569.0,-200.0,0.0,0.0,0.0
2025-09-09,FII,-189850.0,-19235.0,277202.0,-296437.0,1510.0,-26872.0,-8910.0,-17962.0
2025-09-09,PRO,19583.0,380.0,86619.0,-86239.0,-632.0,9307.0,-46075.0,55382.0
2025-09-10,CLIENT,126631.0,11064.0,-382156.0,393220.0,-5739.0,-6821.0,19203.0,-26024.0
2025-09-10,DII,38540.0,970.0,27445.0,-26475.0,643.0,0.0,-10094.0,10094.0
2025-09-10,FII,-186140.0,-53064.0,240351.0,-293415.0,3710.0,-33829.0,-36851.0,3022.0
2025-09-10,PRO,20969.0,41030.0,114360.0,-73330.0,1386.0,40650.0,27741.0,12909.0
2025-09-11,CLIENT,126309.0,-72367.0,-327737.0,255370.0,-322.0,-83431.0,54419.0,-137850.0
2025-09-11,DII,38540.0,970.0,27445.0,-26475.0,0.0,0.0,0.0,0.0
2025-09-11,FII,-182800.0,-30491.0,259087.0,-289578.0,3340.0,22573.0,18736.0,3837.0
2025-09-11,PRO,17951.0,101889.0,41204.0,60685.0,-3018.0,60859.0,-73156.0,134015.0
2025-09-12,CLIENT,122297.0,-135814.0,-295553.0,159739.0,-4012.0,-63447.0,32184.0,-95631.0
2025-09-12,DII,38551.0,970.0,27445.0,-26475.0,11.0,0.0,0.0,0.0
2025-09-12,FII,-172349.0,-772.0,276276.0,-277048.0,10451.0,29719.0,17189.0,12530.0
2025-09-12,PRO,11501.0,135616.0,-8168.0,143784.0,-6450.0,33727.0,-49372.0,83099.0
2025-09-15,CLIENT,124349.0,17492.0,-415698.0,433190.0,2052.0,153306.0,-120145.0,273451.0
2025-09-15,DII,36851.0,970.0,27445.0,-26475.0,-1700.0,0.0,0.0,0.0
2025-09-15,FII,-171156.0,-36439.0,287426.0,-323865.0,1193.0,-35667.0,11150.0,-46817.0
2025-09-15,PRO,9956.0,17978.0,100828.0,-82850.0,-1545.0,-117638.0,108996.0,-226634.0
2025-09-16,CLIENT,117740.0,-44687.0,-299842.0,255155.0,-6609.0,-62179.0,115856.0,-178035.0
2025-09-16,DII,39232.0,970.0,27445.0,-26475.0,2381.0,0.0,0.0,0.0
2025-09-16,FII,-159561.0,-10237.0,261102.0,-271339.0,11595.0,26202.0,-26324.0,52526.0
2025-09-16,PRO,2589.0,53955.0,11296.0,42659.0,-7367.0,35977.0,-89532.0,125509.0
2025-09-17,CLIENT,112818.0,-102782.0,-324242.0,221460.0,-4922.0,-58095.0,-24400.0,-33695.0
2025-09-17,DII,41126.0,970.0,37845.0,-36875.0,1894.0,0.0,10400.0,-10400.0
2025-09-17,FII,-150660.0,-10844.0,242628.0,-253472.0,8901.0,-607.0,-18474.0,17867.0
2025-09-17,PRO,-3284.0,112655.0,43768.0,68887.0,-5873.0,58700.0,32472.0,26228.0
2025-09-18,CLIENT,108929.0,-149412.0,-414520.0,265108.0,-3889.0,-46630.0,-90278.0,43648.0
2025-09-18,DII,43409.0,963.0,41245.0,-40282.0,2283.0,-7.0,3400.0,-3407.0
2025-09-18,FII,-143659.0,12237.0,276271.0,-264034.0,7001.0,23081.0,33643.0,-10562.0
2025-09-18,PRO,-8679.0,136212.0,97005.0,39207.0,-5395.0,23557.0,53237.0,-29680.0
2025-09-19,CLIENT,113537.0,-55753.0,-374887.0,319134.0,4608.0,93659.0,39633.0,54026.0
2025-09-19,DII,43010.0,963.0,40045.0,-39082.0,-399.0,0.0,-1200.0,1200.0
2025-09-19,FII,-146773.0,33971.0,268175.0,-234204.0,-3114.0,21734.0,-8096.0,29830.0
2025-09-19,PRO,-9774.0,20819.0,66666.0,-45847.0,-1095.0,-115393.0,-30339.0,-85054.0
2025-09-22,CLIENT,107788.0,19770.0,-431371.0,451141.0,-5749.0,75523.0,-56484.0,132007.0
2025-09-22,DII,42558.0,963.0,36595.0,-35632.0,-452.0,0.0,-3450.0,3450.0
2025-09-22,FII,-144254.0,-34183.0,285979.0,-320162.0,2519.0,-68154.0,17804.0,-85958.0
2025-09-22,PRO,-6092.0,13450.0,108797.0,-95347.0,3682.0,-7369.0,42131.0,-49500.0
2025-09-23,CLIENT,109602.0,-29327.0,-348251.0,318924.0,1814.0,-49097.0,83120.0,-132217.0
2025-09-23,DII,45238.0,963.0,36845.0,-35882.0,2680.0,0.0,250.0,-250.0
2025-09-23,FII,-142178.0,-32454.0,267371.0,-299825.0,2076.0,1729.0,-18608.0,20337.0
2025-09-23,PRO,-12662.0,60818.0,44036.0,16782.0,-6570.0,47368.0,-64761.0,112129.0
2025-09-24,CLIENT,113810.0,-37461.0,-473442.0,435981.0,4208.0,-8134.0,-125191.0,117057.0
2025-09-24,DII,43630.0,963.0,31495.0,-30532.0,-1608.0,0.0,-5350.0,5350.0
2025-09-24,FII,-145299.0,-58698.0,275063.0,-333761.0,-3121.0,-26244.0,7692.0,-33936.0
2025-09-24,PRO,-12141.0,95196.0,166883.0,-71687.0,521.0,34378.0,122847.0,-88469.0
2025-09-25,CLIENT,116029.0,16540.0,-511331.0,527871.0,2219.0,54001.0,-37889.0,91890.0
2025-09-25,DII,46186.0,963.0,25645.0,-24682.0,2556.0,0.0,-5850.0,5850.0
2025-09-25,FII,-147886.0,-75734.0,319619.0,-395353.0,-2587.0,-17036.0,44556.0,-61592.0
2025-09-25,PRO,-14329.0,58231.0,166067.0,-107836.0,-2188.0,-36965.0,-816.0,-36149.0
